{
	"textures": [
		{
			"image": "boom-0.png",
			"format": "RGBA8888",
			"size": {
				"w": 1949,
				"h": 1571
			},
			"scale": 1,
			"frames": [
				{
					"filename": "boom_0001.png",
					"rotated": false,
					"trimmed": true,
					"sourceSize": {
						"w": 693,
						"h": 674
					},
					"spriteSourceSize": {
						"x": 290,
						"y": 280,
						"w": 31,
						"h": 29
					},
					"frame": {
						"x": 1,
						"y": 1,
						"w": 31,
						"h": 29
					}
				},
				{
					"filename": "boom_0030.png",
					"rotated": false,
					"trimmed": true,
					"sourceSize": {
						"w": 693,
						"h": 674
					},
					"spriteSourceSize": {
						"x": 290,
						"y": 280,
						"w": 31,
						"h": 29
					},
					"frame": {
						"x": 1,
						"y": 1,
						"w": 31,
						"h": 29
					}
				},
				{
					"filename": "boom_0002.png",
					"rotated": false,
					"trimmed": true,
					"sourceSize": {
						"w": 693,
						"h": 674
					},
					"spriteSourceSize": {
						"x": 269,
						"y": 260,
						"w": 78,
						"h": 75
					},
					"frame": {
						"x": 34,
						"y": 1,
						"w": 78,
						"h": 75
					}
				},
				{
					"filename": "boom_0003.png",
					"rotated": false,
					"trimmed": true,
					"sourceSize": {
						"w": 693,
						"h": 674
					},
					"spriteSourceSize": {
						"x": 248,
						"y": 240,
						"w": 126,
						"h": 122
					},
					"frame": {
						"x": 114,
						"y": 1,
						"w": 126,
						"h": 122
					}
				},
				{
					"filename": "boom_0004.png",
					"rotated": false,
					"trimmed": true,
					"sourceSize": {
						"w": 693,
						"h": 674
					},
					"spriteSourceSize": {
						"x": 227,
						"y": 220,
						"w": 174,
						"h": 168
					},
					"frame": {
						"x": 242,
						"y": 1,
						"w": 174,
						"h": 168
					}
				},
				{
					"filename": "boom_0005.png",
					"rotated": false,
					"trimmed": true,
					"sourceSize": {
						"w": 693,
						"h": 674
					},
					"spriteSourceSize": {
						"x": 207,
						"y": 200,
						"w": 220,
						"h": 214
					},
					"frame": {
						"x": 418,
						"y": 1,
						"w": 220,
						"h": 214
					}
				},
				{
					"filename": "boom_0006.png",
					"rotated": false,
					"trimmed": true,
					"sourceSize": {
						"w": 693,
						"h": 674
					},
					"spriteSourceSize": {
						"x": 186,
						"y": 179,
						"w": 268,
						"h": 261
					},
					"frame": {
						"x": 640,
						"y": 1,
						"w": 268,
						"h": 261
					}
				},
				{
					"filename": "boom_0007.png",
					"rotated": false,
					"trimmed": true,
					"sourceSize": {
						"w": 693,
						"h": 674
					},
					"spriteSourceSize": {
						"x": 165,
						"y": 159,
						"w": 316,
						"h": 307
					},
					"frame": {
						"x": 910,
						"y": 1,
						"w": 316,
						"h": 307
					}
				},
				{
					"filename": "boom_0008.png",
					"rotated": false,
					"trimmed": true,
					"sourceSize": {
						"w": 693,
						"h": 674
					},
					"spriteSourceSize": {
						"x": 144,
						"y": 139,
						"w": 363,
						"h": 353
					},
					"frame": {
						"x": 1228,
						"y": 1,
						"w": 363,
						"h": 353
					}
				},
				{
					"filename": "boom_0009.png",
					"rotated": false,
					"trimmed": true,
					"sourceSize": {
						"w": 693,
						"h": 674
					},
					"spriteSourceSize": {
						"x": 123,
						"y": 119,
						"w": 411,
						"h": 399
					},
					"frame": {
						"x": 1,
						"y": 356,
						"w": 411,
						"h": 399
					}
				},
				{
					"filename": "boom_0010.png",
					"rotated": false,
					"trimmed": true,
					"sourceSize": {
						"w": 693,
						"h": 674
					},
					"spriteSourceSize": {
						"x": 102,
						"y": 99,
						"w": 459,
						"h": 446
					},
					"frame": {
						"x": 414,
						"y": 356,
						"w": 459,
						"h": 446
					}
				},
				{
					"filename": "boom_0011.png",
					"rotated": false,
					"trimmed": true,
					"sourceSize": {
						"w": 693,
						"h": 674
					},
					"spriteSourceSize": {
						"x": 82,
						"y": 79,
						"w": 506,
						"h": 492
					},
					"frame": {
						"x": 875,
						"y": 356,
						"w": 506,
						"h": 492
					}
				},
				{
					"filename": "boom_0012.png",
					"rotated": false,
					"trimmed": true,
					"sourceSize": {
						"w": 693,
						"h": 674
					},
					"spriteSourceSize": {
						"x": 61,
						"y": 59,
						"w": 553,
						"h": 538
					},
					"frame": {
						"x": 1383,
						"y": 356,
						"w": 553,
						"h": 538
					}
				},
				{
					"filename": "boom_0013.png",
					"rotated": false,
					"trimmed": true,
					"sourceSize": {
						"w": 693,
						"h": 674
					},
					"spriteSourceSize": {
						"x": 40,
						"y": 39,
						"w": 601,
						"h": 584
					},
					"frame": {
						"x": 1,
						"y": 896,
						"w": 601,
						"h": 584
					}
				},
				{
					"filename": "boom_0014.png",
					"rotated": false,
					"trimmed": true,
					"sourceSize": {
						"w": 693,
						"h": 674
					},
					"spriteSourceSize": {
						"x": 19,
						"y": 19,
						"w": 649,
						"h": 630
					},
					"frame": {
						"x": 604,
						"y": 896,
						"w": 649,
						"h": 630
					}
				},
				{
					"filename": "boom_0015.png",
					"rotated": false,
					"trimmed": false,
					"sourceSize": {
						"w": 693,
						"h": 674
					},
					"spriteSourceSize": {
						"x": 0,
						"y": 0,
						"w": 693,
						"h": 674
					},
					"frame": {
						"x": 1255,
						"y": 896,
						"w": 693,
						"h": 674
					}
				}
			]
		},
		{
			"image": "boom-1.png",
			"format": "RGBA8888",
			"size": {
				"w": 1827,
				"h": 1475
			},
			"scale": 1,
			"frames": [
				{
					"filename": "boom_0016.png",
					"rotated": false,
					"trimmed": true,
					"sourceSize": {
						"w": 693,
						"h": 674
					},
					"spriteSourceSize": {
						"x": 18,
						"y": 17,
						"w": 651,
						"h": 634
					},
					"frame": {
						"x": 1,
						"y": 1,
						"w": 651,
						"h": 634
					}
				},
				{
					"filename": "boom_0017.png",
					"rotated": false,
					"trimmed": true,
					"sourceSize": {
						"w": 693,
						"h": 674
					},
					"spriteSourceSize": {
						"x": 37,
						"y": 36,
						"w": 608,
						"h": 590
					},
					"frame": {
						"x": 654,
						"y": 1,
						"w": 608,
						"h": 590
					}
				},
				{
					"filename": "boom_0018.png",
					"rotated": false,
					"trimmed": true,
					"sourceSize": {
						"w": 693,
						"h": 674
					},
					"spriteSourceSize": {
						"x": 57,
						"y": 55,
						"w": 562,
						"h": 547
					},
					"frame": {
						"x": 1264,
						"y": 1,
						"w": 562,
						"h": 547
					}
				},
				{
					"filename": "boom_0019.png",
					"rotated": false,
					"trimmed": true,
					"sourceSize": {
						"w": 693,
						"h": 674
					},
					"spriteSourceSize": {
						"x": 76,
						"y": 74,
						"w": 519,
						"h": 504
					},
					"frame": {
						"x": 1,
						"y": 637,
						"w": 519,
						"h": 504
					}
				},
				{
					"filename": "boom_0020.png",
					"rotated": false,
					"trimmed": true,
					"sourceSize": {
						"w": 693,
						"h": 674
					},
					"spriteSourceSize": {
						"x": 96,
						"y": 92,
						"w": 474,
						"h": 461
					},
					"frame": {
						"x": 522,
						"y": 637,
						"w": 474,
						"h": 461
					}
				},
				{
					"filename": "boom_0021.png",
					"rotated": false,
					"trimmed": true,
					"sourceSize": {
						"w": 693,
						"h": 674
					},
					"spriteSourceSize": {
						"x": 115,
						"y": 111,
						"w": 430,
						"h": 418
					},
					"frame": {
						"x": 998,
						"y": 637,
						"w": 430,
						"h": 418
					}
				},
				{
					"filename": "boom_0022.png",
					"rotated": false,
					"trimmed": true,
					"sourceSize": {
						"w": 693,
						"h": 674
					},
					"spriteSourceSize": {
						"x": 134,
						"y": 130,
						"w": 386,
						"h": 375
					},
					"frame": {
						"x": 1430,
						"y": 637,
						"w": 386,
						"h": 375
					}
				},
				{
					"filename": "boom_0023.png",
					"rotated": false,
					"trimmed": true,
					"sourceSize": {
						"w": 693,
						"h": 674
					},
					"spriteSourceSize": {
						"x": 154,
						"y": 149,
						"w": 341,
						"h": 331
					},
					"frame": {
						"x": 1,
						"y": 1143,
						"w": 341,
						"h": 331
					}
				},
				{
					"filename": "boom_0024.png",
					"rotated": false,
					"trimmed": true,
					"sourceSize": {
						"w": 693,
						"h": 674
					},
					"spriteSourceSize": {
						"x": 173,
						"y": 168,
						"w": 297,
						"h": 288
					},
					"frame": {
						"x": 344,
						"y": 1143,
						"w": 297,
						"h": 288
					}
				},
				{
					"filename": "boom_0025.png",
					"rotated": false,
					"trimmed": true,
					"sourceSize": {
						"w": 693,
						"h": 674
					},
					"spriteSourceSize": {
						"x": 193,
						"y": 186,
						"w": 252,
						"h": 245
					},
					"frame": {
						"x": 643,
						"y": 1143,
						"w": 252,
						"h": 245
					}
				},
				{
					"filename": "boom_0026.png",
					"rotated": false,
					"trimmed": true,
					"sourceSize": {
						"w": 693,
						"h": 674
					},
					"spriteSourceSize": {
						"x": 212,
						"y": 205,
						"w": 208,
						"h": 202
					},
					"frame": {
						"x": 897,
						"y": 1143,
						"w": 208,
						"h": 202
					}
				},
				{
					"filename": "boom_0027.png",
					"rotated": false,
					"trimmed": true,
					"sourceSize": {
						"w": 693,
						"h": 674
					},
					"spriteSourceSize": {
						"x": 232,
						"y": 224,
						"w": 163,
						"h": 158
					},
					"frame": {
						"x": 1107,
						"y": 1143,
						"w": 163,
						"h": 158
					}
				},
				{
					"filename": "boom_0028.png",
					"rotated": false,
					"trimmed": true,
					"sourceSize": {
						"w": 693,
						"h": 674
					},
					"spriteSourceSize": {
						"x": 251,
						"y": 242,
						"w": 119,
						"h": 116
					},
					"frame": {
						"x": 1272,
						"y": 1143,
						"w": 119,
						"h": 116
					}
				},
				{
					"filename": "boom_0029.png",
					"rotated": false,
					"trimmed": true,
					"sourceSize": {
						"w": 693,
						"h": 674
					},
					"spriteSourceSize": {
						"x": 271,
						"y": 261,
						"w": 74,
						"h": 73
					},
					"frame": {
						"x": 1393,
						"y": 1143,
						"w": 74,
						"h": 73
					}
				}
			]
		}
	],
	"meta": {
		"app": "https://www.codeandweb.com/texturepacker",
		"version": "3.0",
		"smartupdate": "$TexturePacker:SmartUpdate:92dafd44cdffab620af8baf68e8da1d8:d2e1380283bd9e4272c0083ef7e81048:ac8835ca7467e653e587b3d927ffbd0b$"
	}
}
