{
	"textures": [
		{
			"image": "boxe.png",
			"format": "RGBA8888",
			"size": {
				"w": 1948,
				"h": 1858
			},
			"scale": 1,
			"frames": [
				{
					"filename": "boxe007.png",
					"rotated": false,
					"trimmed": true,
					"sourceSize": {
						"w": 293,
						"h": 389
					},
					"spriteSourceSize": {
						"x": 4,
						"y": 13,
						"w": 289,
						"h": 376
					},
					"frame": {
						"x": 1,
						"y": 1,
						"w": 289,
						"h": 376
					}
				},
				{
					"filename": "boxe008.png",
					"rotated": false,
					"trimmed": true,
					"sourceSize": {
						"w": 293,
						"h": 389
					},
					"spriteSourceSize": {
						"x": 2,
						"y": 15,
						"w": 291,
						"h": 374
					},
					"frame": {
						"x": 292,
						"y": 1,
						"w": 291,
						"h": 374
					}
				},
				{
					"filename": "boxe009.png",
					"rotated": false,
					"trimmed": true,
					"sourceSize": {
						"w": 293,
						"h": 389
					},
					"spriteSourceSize": {
						"x": 0,
						"y": 18,
						"w": 293,
						"h": 371
					},
					"frame": {
						"x": 585,
						"y": 1,
						"w": 293,
						"h": 371
					}
				},
				{
					"filename": "boxe006.png",
					"rotated": false,
					"trimmed": true,
					"sourceSize": {
						"w": 293,
						"h": 389
					},
					"spriteSourceSize": {
						"x": 8,
						"y": 11,
						"w": 285,
						"h": 378
					},
					"frame": {
						"x": 1,
						"y": 379,
						"w": 285,
						"h": 378
					}
				},
				{
					"filename": "boxe0010.png",
					"rotated": false,
					"trimmed": true,
					"sourceSize": {
						"w": 293,
						"h": 389
					},
					"spriteSourceSize": {
						"x": 0,
						"y": 20,
						"w": 293,
						"h": 369
					},
					"frame": {
						"x": 880,
						"y": 1,
						"w": 293,
						"h": 369
					}
				},
				{
					"filename": "boxe005.png",
					"rotated": false,
					"trimmed": true,
					"sourceSize": {
						"w": 293,
						"h": 389
					},
					"spriteSourceSize": {
						"x": 13,
						"y": 8,
						"w": 280,
						"h": 381
					},
					"frame": {
						"x": 1,
						"y": 759,
						"w": 280,
						"h": 381
					}
				},
				{
					"filename": "boxe0011.png",
					"rotated": false,
					"trimmed": true,
					"sourceSize": {
						"w": 293,
						"h": 389
					},
					"spriteSourceSize": {
						"x": 0,
						"y": 23,
						"w": 293,
						"h": 366
					},
					"frame": {
						"x": 1175,
						"y": 1,
						"w": 293,
						"h": 366
					}
				},
				{
					"filename": "boxe0012.png",
					"rotated": false,
					"trimmed": true,
					"sourceSize": {
						"w": 293,
						"h": 389
					},
					"spriteSourceSize": {
						"x": 0,
						"y": 25,
						"w": 293,
						"h": 364
					},
					"frame": {
						"x": 1470,
						"y": 1,
						"w": 293,
						"h": 364
					}
				},
				{
					"filename": "boxe004.png",
					"rotated": false,
					"trimmed": true,
					"sourceSize": {
						"w": 293,
						"h": 389
					},
					"spriteSourceSize": {
						"x": 19,
						"y": 6,
						"w": 274,
						"h": 383
					},
					"frame": {
						"x": 1,
						"y": 1142,
						"w": 274,
						"h": 383
					}
				},
				{
					"filename": "boxe001.png",
					"rotated": false,
					"trimmed": true,
					"sourceSize": {
						"w": 293,
						"h": 389
					},
					"spriteSourceSize": {
						"x": 40,
						"y": 0,
						"w": 253,
						"h": 389
					},
					"frame": {
						"x": 277,
						"y": 1142,
						"w": 253,
						"h": 389
					}
				},
				{
					"filename": "boxe0028.png",
					"rotated": false,
					"trimmed": true,
					"sourceSize": {
						"w": 293,
						"h": 389
					},
					"spriteSourceSize": {
						"x": 32,
						"y": 9,
						"w": 261,
						"h": 380
					},
					"frame": {
						"x": 283,
						"y": 759,
						"w": 261,
						"h": 380
					}
				},
				{
					"filename": "boxe0030.png",
					"rotated": false,
					"trimmed": true,
					"sourceSize": {
						"w": 293,
						"h": 389
					},
					"spriteSourceSize": {
						"x": 46,
						"y": 0,
						"w": 247,
						"h": 389
					},
					"frame": {
						"x": 532,
						"y": 1141,
						"w": 247,
						"h": 389
					}
				},
				{
					"filename": "boxe0027.png",
					"rotated": false,
					"trimmed": true,
					"sourceSize": {
						"w": 293,
						"h": 389
					},
					"spriteSourceSize": {
						"x": 26,
						"y": 14,
						"w": 267,
						"h": 375
					},
					"frame": {
						"x": 288,
						"y": 379,
						"w": 267,
						"h": 375
					}
				},
				{
					"filename": "boxe002.png",
					"rotated": false,
					"trimmed": true,
					"sourceSize": {
						"w": 293,
						"h": 389
					},
					"spriteSourceSize": {
						"x": 32,
						"y": 1,
						"w": 261,
						"h": 388
					},
					"frame": {
						"x": 557,
						"y": 377,
						"w": 261,
						"h": 388
					}
				},
				{
					"filename": "boxe0026.png",
					"rotated": false,
					"trimmed": true,
					"sourceSize": {
						"w": 293,
						"h": 389
					},
					"spriteSourceSize": {
						"x": 20,
						"y": 19,
						"w": 273,
						"h": 370
					},
					"frame": {
						"x": 546,
						"y": 767,
						"w": 273,
						"h": 370
					}
				},
				{
					"filename": "boxe003.png",
					"rotated": false,
					"trimmed": true,
					"sourceSize": {
						"w": 293,
						"h": 389
					},
					"spriteSourceSize": {
						"x": 25,
						"y": 3,
						"w": 268,
						"h": 386
					},
					"frame": {
						"x": 820,
						"y": 374,
						"w": 268,
						"h": 386
					}
				},
				{
					"filename": "boxe0025.png",
					"rotated": false,
					"trimmed": true,
					"sourceSize": {
						"w": 293,
						"h": 389
					},
					"spriteSourceSize": {
						"x": 16,
						"y": 24,
						"w": 277,
						"h": 365
					},
					"frame": {
						"x": 821,
						"y": 762,
						"w": 277,
						"h": 365
					}
				},
				{
					"filename": "boxe0029.png",
					"rotated": false,
					"trimmed": true,
					"sourceSize": {
						"w": 293,
						"h": 389
					},
					"spriteSourceSize": {
						"x": 39,
						"y": 4,
						"w": 254,
						"h": 385
					},
					"frame": {
						"x": 1090,
						"y": 372,
						"w": 254,
						"h": 385
					}
				},
				{
					"filename": "boxe0024.png",
					"rotated": false,
					"trimmed": true,
					"sourceSize": {
						"w": 293,
						"h": 389
					},
					"spriteSourceSize": {
						"x": 11,
						"y": 26,
						"w": 282,
						"h": 363
					},
					"frame": {
						"x": 1100,
						"y": 759,
						"w": 282,
						"h": 363
					}
				},
				{
					"filename": "boxe0013.png",
					"rotated": false,
					"trimmed": true,
					"sourceSize": {
						"w": 293,
						"h": 389
					},
					"spriteSourceSize": {
						"x": 1,
						"y": 27,
						"w": 292,
						"h": 362
					},
					"frame": {
						"x": 1346,
						"y": 369,
						"w": 292,
						"h": 362
					}
				},
				{
					"filename": "boxe0023.png",
					"rotated": false,
					"trimmed": true,
					"sourceSize": {
						"w": 293,
						"h": 389
					},
					"spriteSourceSize": {
						"x": 7,
						"y": 28,
						"w": 286,
						"h": 361
					},
					"frame": {
						"x": 1384,
						"y": 733,
						"w": 286,
						"h": 361
					}
				},
				{
					"filename": "boxe0014.png",
					"rotated": false,
					"trimmed": true,
					"sourceSize": {
						"w": 293,
						"h": 389
					},
					"spriteSourceSize": {
						"x": 4,
						"y": 30,
						"w": 289,
						"h": 359
					},
					"frame": {
						"x": 1640,
						"y": 367,
						"w": 289,
						"h": 359
					}
				},
				{
					"filename": "boxe0022.png",
					"rotated": false,
					"trimmed": true,
					"sourceSize": {
						"w": 293,
						"h": 389
					},
					"spriteSourceSize": {
						"x": 4,
						"y": 30,
						"w": 289,
						"h": 359
					},
					"frame": {
						"x": 781,
						"y": 1139,
						"w": 289,
						"h": 359
					}
				},
				{
					"filename": "boxe0018.png",
					"rotated": false,
					"trimmed": true,
					"sourceSize": {
						"w": 293,
						"h": 389
					},
					"spriteSourceSize": {
						"x": 2,
						"y": 32,
						"w": 291,
						"h": 357
					},
					"frame": {
						"x": 781,
						"y": 1500,
						"w": 291,
						"h": 357
					}
				},
				{
					"filename": "boxe0015.png",
					"rotated": false,
					"trimmed": true,
					"sourceSize": {
						"w": 293,
						"h": 389
					},
					"spriteSourceSize": {
						"x": 7,
						"y": 32,
						"w": 286,
						"h": 357
					},
					"frame": {
						"x": 1072,
						"y": 1129,
						"w": 286,
						"h": 357
					}
				},
				{
					"filename": "boxe0016.png",
					"rotated": false,
					"trimmed": true,
					"sourceSize": {
						"w": 293,
						"h": 389
					},
					"spriteSourceSize": {
						"x": 5,
						"y": 32,
						"w": 288,
						"h": 357
					},
					"frame": {
						"x": 1074,
						"y": 1488,
						"w": 288,
						"h": 357
					}
				},
				{
					"filename": "boxe0017.png",
					"rotated": false,
					"trimmed": true,
					"sourceSize": {
						"w": 293,
						"h": 389
					},
					"spriteSourceSize": {
						"x": 3,
						"y": 32,
						"w": 290,
						"h": 357
					},
					"frame": {
						"x": 1360,
						"y": 1124,
						"w": 290,
						"h": 357
					}
				},
				{
					"filename": "boxe0019.png",
					"rotated": false,
					"trimmed": true,
					"sourceSize": {
						"w": 293,
						"h": 389
					},
					"spriteSourceSize": {
						"x": 2,
						"y": 32,
						"w": 291,
						"h": 357
					},
					"frame": {
						"x": 1364,
						"y": 1483,
						"w": 291,
						"h": 357
					}
				},
				{
					"filename": "boxe0020.png",
					"rotated": false,
					"trimmed": true,
					"sourceSize": {
						"w": 293,
						"h": 389
					},
					"spriteSourceSize": {
						"x": 2,
						"y": 32,
						"w": 291,
						"h": 357
					},
					"frame": {
						"x": 1652,
						"y": 1096,
						"w": 291,
						"h": 357
					}
				},
				{
					"filename": "boxe0021.png",
					"rotated": false,
					"trimmed": true,
					"sourceSize": {
						"w": 293,
						"h": 389
					},
					"spriteSourceSize": {
						"x": 3,
						"y": 32,
						"w": 290,
						"h": 357
					},
					"frame": {
						"x": 1657,
						"y": 1455,
						"w": 290,
						"h": 357
					}
				}
			]
		}
	],
	"meta": {
		"app": "https://www.codeandweb.com/texturepacker",
		"version": "3.0",
		"smartupdate": "$TexturePacker:SmartUpdate:273d66dd65f7b5f25c655a15d03c43b9:33dd97bb1282c041bb29d3b12c8cfdcb:86ead9b06b7e414e32f45625f92b498c$"
	}
}
