{
	"textures": [
		{
			"image": "dance.png",
			"format": "RGBA8888",
			"size": {
				"w": 1670,
				"h": 1838
			},
			"scale": 1,
			"frames": [
				{
					"filename": "dance_perso_10015.png",
					"rotated": false,
					"trimmed": true,
					"sourceSize": {
						"w": 397,
						"h": 458
					},
					"spriteSourceSize": {
						"x": 83,
						"y": 3,
						"w": 216,
						"h": 439
					},
					"frame": {
						"x": 1,
						"y": 1,
						"w": 216,
						"h": 439
					}
				},
				{
					"filename": "dance_perso_10014.png",
					"rotated": false,
					"trimmed": true,
					"sourceSize": {
						"w": 397,
						"h": 458
					},
					"spriteSourceSize": {
						"x": 72,
						"y": 5,
						"w": 208,
						"h": 440
					},
					"frame": {
						"x": 219,
						"y": 1,
						"w": 208,
						"h": 440
					}
				},
				{
					"filename": "dance_perso_10013.png",
					"rotated": false,
					"trimmed": true,
					"sourceSize": {
						"w": 397,
						"h": 458
					},
					"spriteSourceSize": {
						"x": 62,
						"y": 6,
						"w": 207,
						"h": 443
					},
					"frame": {
						"x": 429,
						"y": 1,
						"w": 207,
						"h": 443
					}
				},
				{
					"filename": "dance_perso_10012.png",
					"rotated": false,
					"trimmed": true,
					"sourceSize": {
						"w": 397,
						"h": 458
					},
					"spriteSourceSize": {
						"x": 53,
						"y": 7,
						"w": 205,
						"h": 446
					},
					"frame": {
						"x": 638,
						"y": 1,
						"w": 205,
						"h": 446
					}
				},
				{
					"filename": "dance_perso_10016.png",
					"rotated": false,
					"trimmed": true,
					"sourceSize": {
						"w": 397,
						"h": 458
					},
					"spriteSourceSize": {
						"x": 94,
						"y": 2,
						"w": 240,
						"h": 446
					},
					"frame": {
						"x": 845,
						"y": 1,
						"w": 240,
						"h": 446
					}
				},
				{
					"filename": "dance_perso_10011.png",
					"rotated": false,
					"trimmed": true,
					"sourceSize": {
						"w": 397,
						"h": 458
					},
					"spriteSourceSize": {
						"x": 40,
						"y": 8,
						"w": 206,
						"h": 448
					},
					"frame": {
						"x": 1087,
						"y": 1,
						"w": 206,
						"h": 448
					}
				},
				{
					"filename": "dance_perso_10010.png",
					"rotated": false,
					"trimmed": true,
					"sourceSize": {
						"w": 397,
						"h": 458
					},
					"spriteSourceSize": {
						"x": 20,
						"y": 9,
						"w": 215,
						"h": 449
					},
					"frame": {
						"x": 1295,
						"y": 1,
						"w": 215,
						"h": 449
					}
				},
				{
					"filename": "dance_perso_1002.png",
					"rotated": false,
					"trimmed": true,
					"sourceSize": {
						"w": 397,
						"h": 458
					},
					"spriteSourceSize": {
						"x": 91,
						"y": 0,
						"w": 157,
						"h": 458
					},
					"frame": {
						"x": 1512,
						"y": 1,
						"w": 157,
						"h": 458
					}
				},
				{
					"filename": "dance_perso_1009.png",
					"rotated": false,
					"trimmed": true,
					"sourceSize": {
						"w": 397,
						"h": 458
					},
					"spriteSourceSize": {
						"x": 6,
						"y": 8,
						"w": 230,
						"h": 450
					},
					"frame": {
						"x": 1,
						"y": 443,
						"w": 230,
						"h": 450
					}
				},
				{
					"filename": "dance_perso_1008.png",
					"rotated": false,
					"trimmed": true,
					"sourceSize": {
						"w": 397,
						"h": 458
					},
					"spriteSourceSize": {
						"x": 0,
						"y": 7,
						"w": 238,
						"h": 451
					},
					"frame": {
						"x": 233,
						"y": 446,
						"w": 238,
						"h": 451
					}
				},
				{
					"filename": "dance_perso_10017.png",
					"rotated": false,
					"trimmed": true,
					"sourceSize": {
						"w": 397,
						"h": 458
					},
					"spriteSourceSize": {
						"x": 106,
						"y": 1,
						"w": 252,
						"h": 452
					},
					"frame": {
						"x": 473,
						"y": 449,
						"w": 252,
						"h": 452
					}
				},
				{
					"filename": "dance_perso_1007.png",
					"rotated": false,
					"trimmed": true,
					"sourceSize": {
						"w": 397,
						"h": 458
					},
					"spriteSourceSize": {
						"x": 0,
						"y": 6,
						"w": 240,
						"h": 452
					},
					"frame": {
						"x": 727,
						"y": 449,
						"w": 240,
						"h": 452
					}
				},
				{
					"filename": "dance_perso_1006.png",
					"rotated": false,
					"trimmed": true,
					"sourceSize": {
						"w": 397,
						"h": 458
					},
					"spriteSourceSize": {
						"x": 5,
						"y": 5,
						"w": 236,
						"h": 453
					},
					"frame": {
						"x": 969,
						"y": 451,
						"w": 236,
						"h": 453
					}
				},
				{
					"filename": "dance_perso_1005.png",
					"rotated": false,
					"trimmed": true,
					"sourceSize": {
						"w": 397,
						"h": 458
					},
					"spriteSourceSize": {
						"x": 19,
						"y": 4,
						"w": 224,
						"h": 454
					},
					"frame": {
						"x": 1207,
						"y": 452,
						"w": 224,
						"h": 454
					}
				},
				{
					"filename": "dance_perso_1004.png",
					"rotated": false,
					"trimmed": true,
					"sourceSize": {
						"w": 397,
						"h": 458
					},
					"spriteSourceSize": {
						"x": 41,
						"y": 2,
						"w": 204,
						"h": 456
					},
					"frame": {
						"x": 1433,
						"y": 461,
						"w": 204,
						"h": 456
					}
				},
				{
					"filename": "dance_perso_1003.png",
					"rotated": false,
					"trimmed": true,
					"sourceSize": {
						"w": 397,
						"h": 458
					},
					"spriteSourceSize": {
						"x": 66,
						"y": 1,
						"w": 180,
						"h": 457
					},
					"frame": {
						"x": 1,
						"y": 895,
						"w": 180,
						"h": 457
					}
				},
				{
					"filename": "dance_perso_10018.png",
					"rotated": false,
					"trimmed": true,
					"sourceSize": {
						"w": 397,
						"h": 458
					},
					"spriteSourceSize": {
						"x": 118,
						"y": 0,
						"w": 247,
						"h": 457
					},
					"frame": {
						"x": 183,
						"y": 899,
						"w": 247,
						"h": 457
					}
				},
				{
					"filename": "dance_perso_10019.png",
					"rotated": false,
					"trimmed": true,
					"sourceSize": {
						"w": 397,
						"h": 458
					},
					"spriteSourceSize": {
						"x": 125,
						"y": 0,
						"w": 230,
						"h": 458
					},
					"frame": {
						"x": 432,
						"y": 903,
						"w": 230,
						"h": 458
					}
				},
				{
					"filename": "dance_perso_10020.png",
					"rotated": false,
					"trimmed": true,
					"sourceSize": {
						"w": 397,
						"h": 458
					},
					"spriteSourceSize": {
						"x": 124,
						"y": 0,
						"w": 241,
						"h": 458
					},
					"frame": {
						"x": 664,
						"y": 903,
						"w": 241,
						"h": 458
					}
				},
				{
					"filename": "dance_perso_10021.png",
					"rotated": false,
					"trimmed": true,
					"sourceSize": {
						"w": 397,
						"h": 458
					},
					"spriteSourceSize": {
						"x": 123,
						"y": 0,
						"w": 248,
						"h": 458
					},
					"frame": {
						"x": 907,
						"y": 906,
						"w": 248,
						"h": 458
					}
				},
				{
					"filename": "dance_perso_10022.png",
					"rotated": false,
					"trimmed": true,
					"sourceSize": {
						"w": 397,
						"h": 458
					},
					"spriteSourceSize": {
						"x": 122,
						"y": 0,
						"w": 252,
						"h": 458
					},
					"frame": {
						"x": 1157,
						"y": 908,
						"w": 252,
						"h": 458
					}
				},
				{
					"filename": "dance_perso_10023.png",
					"rotated": false,
					"trimmed": true,
					"sourceSize": {
						"w": 397,
						"h": 458
					},
					"spriteSourceSize": {
						"x": 122,
						"y": 0,
						"w": 251,
						"h": 458
					},
					"frame": {
						"x": 1411,
						"y": 919,
						"w": 251,
						"h": 458
					}
				},
				{
					"filename": "dance_perso_10030.png",
					"rotated": false,
					"trimmed": true,
					"sourceSize": {
						"w": 397,
						"h": 458
					},
					"spriteSourceSize": {
						"x": 114,
						"y": 0,
						"w": 137,
						"h": 458
					},
					"frame": {
						"x": 1,
						"y": 1354,
						"w": 137,
						"h": 458
					}
				},
				{
					"filename": "dance_perso_10024.png",
					"rotated": false,
					"trimmed": true,
					"sourceSize": {
						"w": 397,
						"h": 458
					},
					"spriteSourceSize": {
						"x": 120,
						"y": 0,
						"w": 248,
						"h": 458
					},
					"frame": {
						"x": 140,
						"y": 1358,
						"w": 248,
						"h": 458
					}
				},
				{
					"filename": "dance_perso_10025.png",
					"rotated": false,
					"trimmed": true,
					"sourceSize": {
						"w": 397,
						"h": 458
					},
					"spriteSourceSize": {
						"x": 119,
						"y": 0,
						"w": 240,
						"h": 458
					},
					"frame": {
						"x": 390,
						"y": 1363,
						"w": 240,
						"h": 458
					}
				},
				{
					"filename": "dance_perso_10028.png",
					"rotated": false,
					"trimmed": true,
					"sourceSize": {
						"w": 397,
						"h": 458
					},
					"spriteSourceSize": {
						"x": 117,
						"y": 0,
						"w": 252,
						"h": 458
					},
					"frame": {
						"x": 632,
						"y": 1363,
						"w": 252,
						"h": 458
					}
				},
				{
					"filename": "dance_perso_10029.png",
					"rotated": false,
					"trimmed": true,
					"sourceSize": {
						"w": 397,
						"h": 458
					},
					"spriteSourceSize": {
						"x": 115,
						"y": 0,
						"w": 199,
						"h": 458
					},
					"frame": {
						"x": 886,
						"y": 1366,
						"w": 199,
						"h": 458
					}
				},
				{
					"filename": "dance_perso_10026.png",
					"rotated": false,
					"trimmed": true,
					"sourceSize": {
						"w": 397,
						"h": 458
					},
					"spriteSourceSize": {
						"x": 118,
						"y": 0,
						"w": 277,
						"h": 458
					},
					"frame": {
						"x": 1087,
						"y": 1368,
						"w": 277,
						"h": 458
					}
				},
				{
					"filename": "dance_perso_10027.png",
					"rotated": false,
					"trimmed": true,
					"sourceSize": {
						"w": 397,
						"h": 458
					},
					"spriteSourceSize": {
						"x": 117,
						"y": 0,
						"w": 280,
						"h": 458
					},
					"frame": {
						"x": 1366,
						"y": 1379,
						"w": 280,
						"h": 458
					}
				}
			]
		}
	],
	"meta": {
		"app": "https://www.codeandweb.com/texturepacker",
		"version": "3.0",
		"smartupdate": "$TexturePacker:SmartUpdate:14b1e0e02070058fda6a675d7d5b4907:6aea8aebf0e0de3df9cf13817c3b3b0f:89a4897f34a9a75d14f2f449ccc36a1f$"
	}
}
