{
	"textures": [
		{
			"image": "perso_dance_2.png",
			"format": "RGBA8888",
			"size": {
				"w": 1986,
				"h": 1409
			},
			"scale": 1,
			"frames": [
				{
					"filename": "dance_perso_20011.png",
					"rotated": false,
					"trimmed": true,
					"sourceSize": {
						"w": 308,
						"h": 469
					},
					"spriteSourceSize": {
						"x": 0,
						"y": 0,
						"w": 266,
						"h": 469
					},
					"frame": {
						"x": 1,
						"y": 1,
						"w": 266,
						"h": 469
					}
				},
				{
					"filename": "dance_perso_20010.png",
					"rotated": false,
					"trimmed": true,
					"sourceSize": {
						"w": 308,
						"h": 469
					},
					"spriteSourceSize": {
						"x": 3,
						"y": 0,
						"w": 258,
						"h": 469
					},
					"frame": {
						"x": 1,
						"y": 472,
						"w": 258,
						"h": 469
					}
				},
				{
					"filename": "dance_perso_20014.png",
					"rotated": false,
					"trimmed": true,
					"sourceSize": {
						"w": 308,
						"h": 469
					},
					"spriteSourceSize": {
						"x": 16,
						"y": 5,
						"w": 235,
						"h": 464
					},
					"frame": {
						"x": 1,
						"y": 943,
						"w": 235,
						"h": 464
					}
				},
				{
					"filename": "dance_perso_20015.png",
					"rotated": false,
					"trimmed": true,
					"sourceSize": {
						"w": 308,
						"h": 469
					},
					"spriteSourceSize": {
						"x": 25,
						"y": 7,
						"w": 221,
						"h": 462
					},
					"frame": {
						"x": 238,
						"y": 943,
						"w": 221,
						"h": 462
					}
				},
				{
					"filename": "dance_perso_20012.png",
					"rotated": false,
					"trimmed": true,
					"sourceSize": {
						"w": 308,
						"h": 469
					},
					"spriteSourceSize": {
						"x": 3,
						"y": 1,
						"w": 258,
						"h": 468
					},
					"frame": {
						"x": 261,
						"y": 472,
						"w": 258,
						"h": 468
					}
				},
				{
					"filename": "dance_perso_20013.png",
					"rotated": false,
					"trimmed": true,
					"sourceSize": {
						"w": 308,
						"h": 469
					},
					"spriteSourceSize": {
						"x": 9,
						"y": 3,
						"w": 247,
						"h": 466
					},
					"frame": {
						"x": 461,
						"y": 942,
						"w": 247,
						"h": 466
					}
				},
				{
					"filename": "dance_perso_2009.png",
					"rotated": false,
					"trimmed": true,
					"sourceSize": {
						"w": 308,
						"h": 469
					},
					"spriteSourceSize": {
						"x": 9,
						"y": 0,
						"w": 247,
						"h": 469
					},
					"frame": {
						"x": 269,
						"y": 1,
						"w": 247,
						"h": 469
					}
				},
				{
					"filename": "dance_perso_2008.png",
					"rotated": false,
					"trimmed": true,
					"sourceSize": {
						"w": 308,
						"h": 469
					},
					"spriteSourceSize": {
						"x": 16,
						"y": 0,
						"w": 235,
						"h": 469
					},
					"frame": {
						"x": 518,
						"y": 1,
						"w": 235,
						"h": 469
					}
				},
				{
					"filename": "dance_perso_20024.png",
					"rotated": false,
					"trimmed": true,
					"sourceSize": {
						"w": 308,
						"h": 469
					},
					"spriteSourceSize": {
						"x": 92,
						"y": 4,
						"w": 207,
						"h": 465
					},
					"frame": {
						"x": 521,
						"y": 472,
						"w": 207,
						"h": 465
					}
				},
				{
					"filename": "dance_perso_2007.png",
					"rotated": false,
					"trimmed": true,
					"sourceSize": {
						"w": 308,
						"h": 469
					},
					"spriteSourceSize": {
						"x": 26,
						"y": 0,
						"w": 220,
						"h": 469
					},
					"frame": {
						"x": 710,
						"y": 939,
						"w": 220,
						"h": 469
					}
				},
				{
					"filename": "dance_perso_20016.png",
					"rotated": false,
					"trimmed": true,
					"sourceSize": {
						"w": 308,
						"h": 469
					},
					"spriteSourceSize": {
						"x": 36,
						"y": 8,
						"w": 205,
						"h": 461
					},
					"frame": {
						"x": 730,
						"y": 472,
						"w": 205,
						"h": 461
					}
				},
				{
					"filename": "dance_perso_20025.png",
					"rotated": false,
					"trimmed": true,
					"sourceSize": {
						"w": 308,
						"h": 469
					},
					"spriteSourceSize": {
						"x": 92,
						"y": 0,
						"w": 216,
						"h": 469
					},
					"frame": {
						"x": 932,
						"y": 935,
						"w": 216,
						"h": 469
					}
				},
				{
					"filename": "dance_perso_20026.png",
					"rotated": false,
					"trimmed": true,
					"sourceSize": {
						"w": 308,
						"h": 469
					},
					"spriteSourceSize": {
						"x": 92,
						"y": 0,
						"w": 210,
						"h": 469
					},
					"frame": {
						"x": 755,
						"y": 1,
						"w": 210,
						"h": 469
					}
				},
				{
					"filename": "dance_perso_20017.png",
					"rotated": false,
					"trimmed": true,
					"sourceSize": {
						"w": 308,
						"h": 469
					},
					"spriteSourceSize": {
						"x": 48,
						"y": 10,
						"w": 187,
						"h": 459
					},
					"frame": {
						"x": 937,
						"y": 472,
						"w": 187,
						"h": 459
					}
				},
				{
					"filename": "dance_perso_2006.png",
					"rotated": false,
					"trimmed": true,
					"sourceSize": {
						"w": 308,
						"h": 469
					},
					"spriteSourceSize": {
						"x": 36,
						"y": 0,
						"w": 205,
						"h": 469
					},
					"frame": {
						"x": 967,
						"y": 1,
						"w": 205,
						"h": 469
					}
				},
				{
					"filename": "dance_perso_20023.png",
					"rotated": false,
					"trimmed": true,
					"sourceSize": {
						"w": 308,
						"h": 469
					},
					"spriteSourceSize": {
						"x": 91,
						"y": 8,
						"w": 186,
						"h": 461
					},
					"frame": {
						"x": 1126,
						"y": 472,
						"w": 186,
						"h": 461
					}
				},
				{
					"filename": "dance_perso_20027.png",
					"rotated": false,
					"trimmed": true,
					"sourceSize": {
						"w": 308,
						"h": 469
					},
					"spriteSourceSize": {
						"x": 92,
						"y": 0,
						"w": 195,
						"h": 469
					},
					"frame": {
						"x": 1174,
						"y": 1,
						"w": 195,
						"h": 469
					}
				},
				{
					"filename": "dance_perso_2005.png",
					"rotated": false,
					"trimmed": true,
					"sourceSize": {
						"w": 308,
						"h": 469
					},
					"spriteSourceSize": {
						"x": 49,
						"y": 0,
						"w": 186,
						"h": 469
					},
					"frame": {
						"x": 1150,
						"y": 935,
						"w": 186,
						"h": 469
					}
				},
				{
					"filename": "dance_perso_20018.png",
					"rotated": false,
					"trimmed": true,
					"sourceSize": {
						"w": 308,
						"h": 469
					},
					"spriteSourceSize": {
						"x": 58,
						"y": 12,
						"w": 172,
						"h": 457
					},
					"frame": {
						"x": 1314,
						"y": 472,
						"w": 172,
						"h": 457
					}
				},
				{
					"filename": "dance_perso_20028.png",
					"rotated": false,
					"trimmed": true,
					"sourceSize": {
						"w": 308,
						"h": 469
					},
					"spriteSourceSize": {
						"x": 91,
						"y": 0,
						"w": 175,
						"h": 469
					},
					"frame": {
						"x": 1371,
						"y": 1,
						"w": 175,
						"h": 469
					}
				},
				{
					"filename": "dance_perso_2004.png",
					"rotated": false,
					"trimmed": true,
					"sourceSize": {
						"w": 308,
						"h": 469
					},
					"spriteSourceSize": {
						"x": 59,
						"y": 0,
						"w": 171,
						"h": 469
					},
					"frame": {
						"x": 1338,
						"y": 931,
						"w": 171,
						"h": 469
					}
				},
				{
					"filename": "dance_perso_20022.png",
					"rotated": false,
					"trimmed": true,
					"sourceSize": {
						"w": 308,
						"h": 469
					},
					"spriteSourceSize": {
						"x": 91,
						"y": 13,
						"w": 160,
						"h": 456
					},
					"frame": {
						"x": 1488,
						"y": 472,
						"w": 160,
						"h": 456
					}
				},
				{
					"filename": "dance_perso_20029.png",
					"rotated": false,
					"trimmed": true,
					"sourceSize": {
						"w": 308,
						"h": 469
					},
					"spriteSourceSize": {
						"x": 91,
						"y": 0,
						"w": 155,
						"h": 469
					},
					"frame": {
						"x": 1548,
						"y": 1,
						"w": 155,
						"h": 469
					}
				},
				{
					"filename": "dance_perso_2003.png",
					"rotated": false,
					"trimmed": true,
					"sourceSize": {
						"w": 308,
						"h": 469
					},
					"spriteSourceSize": {
						"x": 71,
						"y": 0,
						"w": 155,
						"h": 469
					},
					"frame": {
						"x": 1511,
						"y": 930,
						"w": 155,
						"h": 469
					}
				},
				{
					"filename": "dance_perso_20019.png",
					"rotated": false,
					"trimmed": true,
					"sourceSize": {
						"w": 308,
						"h": 469
					},
					"spriteSourceSize": {
						"x": 70,
						"y": 14,
						"w": 155,
						"h": 455
					},
					"frame": {
						"x": 1650,
						"y": 472,
						"w": 155,
						"h": 455
					}
				},
				{
					"filename": "dance_perso_2002.png",
					"rotated": false,
					"trimmed": true,
					"sourceSize": {
						"w": 308,
						"h": 469
					},
					"spriteSourceSize": {
						"x": 83,
						"y": 0,
						"w": 143,
						"h": 469
					},
					"frame": {
						"x": 1705,
						"y": 1,
						"w": 143,
						"h": 469
					}
				},
				{
					"filename": "dance_perso_20020.png",
					"rotated": false,
					"trimmed": true,
					"sourceSize": {
						"w": 308,
						"h": 469
					},
					"spriteSourceSize": {
						"x": 81,
						"y": 16,
						"w": 144,
						"h": 453
					},
					"frame": {
						"x": 1668,
						"y": 929,
						"w": 144,
						"h": 453
					}
				},
				{
					"filename": "dance_perso_20021.png",
					"rotated": false,
					"trimmed": true,
					"sourceSize": {
						"w": 308,
						"h": 469
					},
					"spriteSourceSize": {
						"x": 90,
						"y": 18,
						"w": 135,
						"h": 451
					},
					"frame": {
						"x": 1807,
						"y": 472,
						"w": 135,
						"h": 451
					}
				},
				{
					"filename": "dance_perso_2001.png",
					"rotated": false,
					"trimmed": true,
					"sourceSize": {
						"w": 308,
						"h": 469
					},
					"spriteSourceSize": {
						"x": 91,
						"y": 0,
						"w": 135,
						"h": 469
					},
					"frame": {
						"x": 1850,
						"y": 1,
						"w": 135,
						"h": 469
					}
				},
				{
					"filename": "dance_perso_20030.png",
					"rotated": false,
					"trimmed": true,
					"sourceSize": {
						"w": 308,
						"h": 469
					},
					"spriteSourceSize": {
						"x": 91,
						"y": 0,
						"w": 135,
						"h": 469
					},
					"frame": {
						"x": 1814,
						"y": 925,
						"w": 135,
						"h": 469
					}
				}
			]
		}
	],
	"meta": {
		"app": "https://www.codeandweb.com/texturepacker",
		"version": "3.0",
		"smartupdate": "$TexturePacker:SmartUpdate:d52335e53337e3d75e1cec062e50bd11:ea83f2bb19766a9f47eec5629cfa83a6:8ac226585c6f17952b06e504708eb9d3$"
	}
}
