{
	"textures": [
		{
			"image": "punching_ball.png",
			"format": "RGBA8888",
			"size": {
				"w": 1710,
				"h": 1537
			},
			"scale": 1,
			"frames": [
				{
					"filename": "punching_ball001.png",
					"rotated": false,
					"trimmed": true,
					"sourceSize": {
						"w": 645,
						"h": 472
					},
					"spriteSourceSize": {
						"x": 203,
						"y": 0,
						"w": 215,
						"h": 472
					},
					"frame": {
						"x": 1,
						"y": 1,
						"w": 215,
						"h": 472
					}
				},
				{
					"filename": "punching_ball0020.png",
					"rotated": false,
					"trimmed": true,
					"sourceSize": {
						"w": 645,
						"h": 472
					},
					"spriteSourceSize": {
						"x": 203,
						"y": 0,
						"w": 215,
						"h": 472
					},
					"frame": {
						"x": 1,
						"y": 475,
						"w": 215,
						"h": 472
					}
				},
				{
					"filename": "punching_ball002.png",
					"rotated": false,
					"trimmed": true,
					"sourceSize": {
						"w": 645,
						"h": 472
					},
					"spriteSourceSize": {
						"x": 203,
						"y": 17,
						"w": 215,
						"h": 455
					},
					"frame": {
						"x": 1,
						"y": 949,
						"w": 215,
						"h": 455
					}
				},
				{
					"filename": "punching_ball0016.png",
					"rotated": false,
					"trimmed": true,
					"sourceSize": {
						"w": 645,
						"h": 472
					},
					"spriteSourceSize": {
						"x": 203,
						"y": 129,
						"w": 442,
						"h": 343
					},
					"frame": {
						"x": 218,
						"y": 1,
						"w": 442,
						"h": 343
					}
				},
				{
					"filename": "punching_ball009.png",
					"rotated": false,
					"trimmed": true,
					"sourceSize": {
						"w": 645,
						"h": 472
					},
					"spriteSourceSize": {
						"x": 0,
						"y": 143,
						"w": 418,
						"h": 329
					},
					"frame": {
						"x": 662,
						"y": 1,
						"w": 418,
						"h": 329
					}
				},
				{
					"filename": "punching_ball008.png",
					"rotated": false,
					"trimmed": true,
					"sourceSize": {
						"w": 645,
						"h": 472
					},
					"spriteSourceSize": {
						"x": 28,
						"y": 125,
						"w": 390,
						"h": 347
					},
					"frame": {
						"x": 1082,
						"y": 1,
						"w": 390,
						"h": 347
					}
				},
				{
					"filename": "punching_ball0013.png",
					"rotated": false,
					"trimmed": true,
					"sourceSize": {
						"w": 645,
						"h": 472
					},
					"spriteSourceSize": {
						"x": 203,
						"y": 92,
						"w": 232,
						"h": 380
					},
					"frame": {
						"x": 1474,
						"y": 1,
						"w": 232,
						"h": 380
					}
				},
				{
					"filename": "punching_ball0017.png",
					"rotated": false,
					"trimmed": true,
					"sourceSize": {
						"w": 645,
						"h": 472
					},
					"spriteSourceSize": {
						"x": 203,
						"y": 96,
						"w": 379,
						"h": 376
					},
					"frame": {
						"x": 662,
						"y": 332,
						"w": 379,
						"h": 376
					}
				},
				{
					"filename": "punching_ball0015.png",
					"rotated": false,
					"trimmed": true,
					"sourceSize": {
						"w": 645,
						"h": 472
					},
					"spriteSourceSize": {
						"x": 203,
						"y": 117,
						"w": 373,
						"h": 355
					},
					"frame": {
						"x": 1043,
						"y": 350,
						"w": 373,
						"h": 355
					}
				},
				{
					"filename": "punching_ball0011.png",
					"rotated": false,
					"trimmed": true,
					"sourceSize": {
						"w": 645,
						"h": 472
					},
					"spriteSourceSize": {
						"x": 139,
						"y": 117,
						"w": 279,
						"h": 355
					},
					"frame": {
						"x": 1418,
						"y": 383,
						"w": 279,
						"h": 355
					}
				},
				{
					"filename": "punching_ball007.png",
					"rotated": false,
					"trimmed": true,
					"sourceSize": {
						"w": 645,
						"h": 472
					},
					"spriteSourceSize": {
						"x": 57,
						"y": 107,
						"w": 361,
						"h": 365
					},
					"frame": {
						"x": 1043,
						"y": 707,
						"w": 361,
						"h": 365
					}
				},
				{
					"filename": "punching_ball0014.png",
					"rotated": false,
					"trimmed": true,
					"sourceSize": {
						"w": 645,
						"h": 472
					},
					"spriteSourceSize": {
						"x": 203,
						"y": 104,
						"w": 303,
						"h": 368
					},
					"frame": {
						"x": 1406,
						"y": 740,
						"w": 303,
						"h": 368
					}
				},
				{
					"filename": "punching_ball004.png",
					"rotated": false,
					"trimmed": true,
					"sourceSize": {
						"w": 645,
						"h": 472
					},
					"spriteSourceSize": {
						"x": 145,
						"y": 53,
						"w": 273,
						"h": 419
					},
					"frame": {
						"x": 218,
						"y": 1110,
						"w": 273,
						"h": 419
					}
				},
				{
					"filename": "punching_ball006.png",
					"rotated": false,
					"trimmed": true,
					"sourceSize": {
						"w": 645,
						"h": 472
					},
					"spriteSourceSize": {
						"x": 86,
						"y": 89,
						"w": 332,
						"h": 383
					},
					"frame": {
						"x": 218,
						"y": 710,
						"w": 332,
						"h": 383
					}
				},
				{
					"filename": "punching_ball0019.png",
					"rotated": false,
					"trimmed": true,
					"sourceSize": {
						"w": 645,
						"h": 472
					},
					"spriteSourceSize": {
						"x": 203,
						"y": 31,
						"w": 250,
						"h": 441
					},
					"frame": {
						"x": 493,
						"y": 1095,
						"w": 250,
						"h": 441
					}
				},
				{
					"filename": "punching_ball0012.png",
					"rotated": false,
					"trimmed": true,
					"sourceSize": {
						"w": 645,
						"h": 472
					},
					"spriteSourceSize": {
						"x": 203,
						"y": 105,
						"w": 215,
						"h": 367
					},
					"frame": {
						"x": 552,
						"y": 710,
						"w": 215,
						"h": 367
					}
				},
				{
					"filename": "punching_ball0010.png",
					"rotated": false,
					"trimmed": true,
					"sourceSize": {
						"w": 645,
						"h": 472
					},
					"spriteSourceSize": {
						"x": 69,
						"y": 130,
						"w": 349,
						"h": 342
					},
					"frame": {
						"x": 218,
						"y": 346,
						"w": 349,
						"h": 342
					}
				},
				{
					"filename": "punching_ball003.png",
					"rotated": false,
					"trimmed": true,
					"sourceSize": {
						"w": 645,
						"h": 472
					},
					"spriteSourceSize": {
						"x": 174,
						"y": 35,
						"w": 244,
						"h": 437
					},
					"frame": {
						"x": 769,
						"y": 710,
						"w": 244,
						"h": 437
					}
				},
				{
					"filename": "punching_ball0018.png",
					"rotated": false,
					"trimmed": true,
					"sourceSize": {
						"w": 645,
						"h": 472
					},
					"spriteSourceSize": {
						"x": 203,
						"y": 64,
						"w": 314,
						"h": 408
					},
					"frame": {
						"x": 1015,
						"y": 1110,
						"w": 314,
						"h": 408
					}
				},
				{
					"filename": "punching_ball005.png",
					"rotated": false,
					"trimmed": true,
					"sourceSize": {
						"w": 645,
						"h": 472
					},
					"spriteSourceSize": {
						"x": 116,
						"y": 70,
						"w": 302,
						"h": 402
					},
					"frame": {
						"x": 1331,
						"y": 1110,
						"w": 302,
						"h": 402
					}
				}
			]
		}
	],
	"meta": {
		"app": "https://www.codeandweb.com/texturepacker",
		"version": "3.0",
		"smartupdate": "$TexturePacker:SmartUpdate:5fb9c08861e3cca17d19c4952ca8284d:98cf5a4b07380d9fe2ecef94a6ad784d:aecda4b06f4cae20131aa441f2cca760$"
	}
}
