{
	"textures": [
		{
			"image": "skate_avance.png",
			"format": "RGBA8888",
			"size": {
				"w": 2009,
				"h": 1629
			},
			"scale": 1,
			"frames": [
				{
					"filename": "skate_avance_0026.png",
					"rotated": false,
					"trimmed": true,
					"sourceSize": {
						"w": 317,
						"h": 408
					},
					"spriteSourceSize": {
						"x": 2,
						"y": 4,
						"w": 315,
						"h": 404
					},
					"frame": {
						"x": 1,
						"y": 1,
						"w": 315,
						"h": 404
					}
				},
				{
					"filename": "skate_avance_0025.png",
					"rotated": false,
					"trimmed": true,
					"sourceSize": {
						"w": 317,
						"h": 408
					},
					"spriteSourceSize": {
						"x": 5,
						"y": 5,
						"w": 310,
						"h": 403
					},
					"frame": {
						"x": 1,
						"y": 407,
						"w": 310,
						"h": 403
					}
				},
				{
					"filename": "skate_avance_0024.png",
					"rotated": false,
					"trimmed": true,
					"sourceSize": {
						"w": 317,
						"h": 408
					},
					"spriteSourceSize": {
						"x": 10,
						"y": 5,
						"w": 305,
						"h": 403
					},
					"frame": {
						"x": 318,
						"y": 1,
						"w": 305,
						"h": 403
					}
				},
				{
					"filename": "skate_avance_0027.png",
					"rotated": false,
					"trimmed": true,
					"sourceSize": {
						"w": 317,
						"h": 408
					},
					"spriteSourceSize": {
						"x": 1,
						"y": 3,
						"w": 297,
						"h": 405
					},
					"frame": {
						"x": 1,
						"y": 812,
						"w": 297,
						"h": 405
					}
				},
				{
					"filename": "skate_avance_0023.png",
					"rotated": false,
					"trimmed": true,
					"sourceSize": {
						"w": 317,
						"h": 408
					},
					"spriteSourceSize": {
						"x": 14,
						"y": 6,
						"w": 299,
						"h": 402
					},
					"frame": {
						"x": 625,
						"y": 1,
						"w": 299,
						"h": 402
					}
				},
				{
					"filename": "skate_avance_0022.png",
					"rotated": false,
					"trimmed": true,
					"sourceSize": {
						"w": 317,
						"h": 408
					},
					"spriteSourceSize": {
						"x": 18,
						"y": 7,
						"w": 292,
						"h": 401
					},
					"frame": {
						"x": 1,
						"y": 1219,
						"w": 292,
						"h": 401
					}
				},
				{
					"filename": "skate_avance_0021.png",
					"rotated": false,
					"trimmed": true,
					"sourceSize": {
						"w": 317,
						"h": 408
					},
					"spriteSourceSize": {
						"x": 22,
						"y": 8,
						"w": 284,
						"h": 400
					},
					"frame": {
						"x": 926,
						"y": 1,
						"w": 284,
						"h": 400
					}
				},
				{
					"filename": "skate_avance_0028.png",
					"rotated": false,
					"trimmed": true,
					"sourceSize": {
						"w": 317,
						"h": 408
					},
					"spriteSourceSize": {
						"x": 0,
						"y": 2,
						"w": 280,
						"h": 406
					},
					"frame": {
						"x": 1212,
						"y": 1,
						"w": 280,
						"h": 406
					}
				},
				{
					"filename": "skate_avance_0020.png",
					"rotated": false,
					"trimmed": true,
					"sourceSize": {
						"w": 317,
						"h": 408
					},
					"spriteSourceSize": {
						"x": 27,
						"y": 9,
						"w": 274,
						"h": 399
					},
					"frame": {
						"x": 1494,
						"y": 1,
						"w": 274,
						"h": 399
					}
				},
				{
					"filename": "skate_avance_0016.png",
					"rotated": false,
					"trimmed": true,
					"sourceSize": {
						"w": 317,
						"h": 408
					},
					"spriteSourceSize": {
						"x": 30,
						"y": 12,
						"w": 238,
						"h": 396
					},
					"frame": {
						"x": 1770,
						"y": 1,
						"w": 238,
						"h": 396
					}
				},
				{
					"filename": "skate_avance_001.png",
					"rotated": false,
					"trimmed": true,
					"sourceSize": {
						"w": 317,
						"h": 408
					},
					"spriteSourceSize": {
						"x": 0,
						"y": 0,
						"w": 265,
						"h": 408
					},
					"frame": {
						"x": 300,
						"y": 812,
						"w": 265,
						"h": 408
					}
				},
				{
					"filename": "skate_avance_0010.png",
					"rotated": false,
					"trimmed": true,
					"sourceSize": {
						"w": 317,
						"h": 408
					},
					"spriteSourceSize": {
						"x": 17,
						"y": 2,
						"w": 248,
						"h": 406
					},
					"frame": {
						"x": 295,
						"y": 1222,
						"w": 248,
						"h": 406
					}
				},
				{
					"filename": "skate_avance_0013.png",
					"rotated": false,
					"trimmed": true,
					"sourceSize": {
						"w": 317,
						"h": 408
					},
					"spriteSourceSize": {
						"x": 21,
						"y": 7,
						"w": 244,
						"h": 401
					},
					"frame": {
						"x": 313,
						"y": 409,
						"w": 244,
						"h": 401
					}
				},
				{
					"filename": "skate_avance_0011.png",
					"rotated": false,
					"trimmed": true,
					"sourceSize": {
						"w": 317,
						"h": 408
					},
					"spriteSourceSize": {
						"x": 18,
						"y": 4,
						"w": 247,
						"h": 404
					},
					"frame": {
						"x": 559,
						"y": 406,
						"w": 247,
						"h": 404
					}
				},
				{
					"filename": "skate_avance_002.png",
					"rotated": false,
					"trimmed": true,
					"sourceSize": {
						"w": 317,
						"h": 408
					},
					"spriteSourceSize": {
						"x": 13,
						"y": 0,
						"w": 252,
						"h": 408
					},
					"frame": {
						"x": 567,
						"y": 812,
						"w": 252,
						"h": 408
					}
				},
				{
					"filename": "skate_avance_0019.png",
					"rotated": false,
					"trimmed": true,
					"sourceSize": {
						"w": 317,
						"h": 408
					},
					"spriteSourceSize": {
						"x": 32,
						"y": 10,
						"w": 263,
						"h": 398
					},
					"frame": {
						"x": 545,
						"y": 1222,
						"w": 263,
						"h": 398
					}
				},
				{
					"filename": "skate_avance_0012.png",
					"rotated": false,
					"trimmed": true,
					"sourceSize": {
						"w": 317,
						"h": 408
					},
					"spriteSourceSize": {
						"x": 20,
						"y": 6,
						"w": 245,
						"h": 402
					},
					"frame": {
						"x": 808,
						"y": 405,
						"w": 245,
						"h": 402
					}
				},
				{
					"filename": "skate_avance_003.png",
					"rotated": false,
					"trimmed": true,
					"sourceSize": {
						"w": 317,
						"h": 408
					},
					"spriteSourceSize": {
						"x": 26,
						"y": 0,
						"w": 239,
						"h": 408
					},
					"frame": {
						"x": 821,
						"y": 809,
						"w": 239,
						"h": 408
					}
				},
				{
					"filename": "skate_avance_0018.png",
					"rotated": false,
					"trimmed": true,
					"sourceSize": {
						"w": 317,
						"h": 408
					},
					"spriteSourceSize": {
						"x": 36,
						"y": 11,
						"w": 251,
						"h": 397
					},
					"frame": {
						"x": 1055,
						"y": 409,
						"w": 251,
						"h": 397
					}
				},
				{
					"filename": "skate_avance_0030.png",
					"rotated": false,
					"trimmed": true,
					"sourceSize": {
						"w": 317,
						"h": 408
					},
					"spriteSourceSize": {
						"x": 0,
						"y": 0,
						"w": 265,
						"h": 408
					},
					"frame": {
						"x": 1062,
						"y": 808,
						"w": 265,
						"h": 408
					}
				},
				{
					"filename": "skate_avance_0015.png",
					"rotated": false,
					"trimmed": true,
					"sourceSize": {
						"w": 317,
						"h": 408
					},
					"spriteSourceSize": {
						"x": 26,
						"y": 11,
						"w": 239,
						"h": 397
					},
					"frame": {
						"x": 1308,
						"y": 409,
						"w": 239,
						"h": 397
					}
				},
				{
					"filename": "skate_avance_004.png",
					"rotated": false,
					"trimmed": true,
					"sourceSize": {
						"w": 317,
						"h": 408
					},
					"spriteSourceSize": {
						"x": 40,
						"y": 0,
						"w": 225,
						"h": 408
					},
					"frame": {
						"x": 1329,
						"y": 808,
						"w": 225,
						"h": 408
					}
				},
				{
					"filename": "skate_avance_0014.png",
					"rotated": false,
					"trimmed": true,
					"sourceSize": {
						"w": 317,
						"h": 408
					},
					"spriteSourceSize": {
						"x": 24,
						"y": 9,
						"w": 241,
						"h": 399
					},
					"frame": {
						"x": 1549,
						"y": 402,
						"w": 241,
						"h": 399
					}
				},
				{
					"filename": "skate_avance_006.png",
					"rotated": false,
					"trimmed": true,
					"sourceSize": {
						"w": 317,
						"h": 408
					},
					"spriteSourceSize": {
						"x": 49,
						"y": 0,
						"w": 216,
						"h": 408
					},
					"frame": {
						"x": 1792,
						"y": 399,
						"w": 216,
						"h": 408
					}
				},
				{
					"filename": "skate_avance_008.png",
					"rotated": false,
					"trimmed": true,
					"sourceSize": {
						"w": 317,
						"h": 408
					},
					"spriteSourceSize": {
						"x": 32,
						"y": 0,
						"w": 233,
						"h": 408
					},
					"frame": {
						"x": 1556,
						"y": 803,
						"w": 233,
						"h": 408
					}
				},
				{
					"filename": "skate_avance_005.png",
					"rotated": false,
					"trimmed": true,
					"sourceSize": {
						"w": 317,
						"h": 408
					},
					"spriteSourceSize": {
						"x": 52,
						"y": 0,
						"w": 213,
						"h": 408
					},
					"frame": {
						"x": 1791,
						"y": 809,
						"w": 213,
						"h": 408
					}
				},
				{
					"filename": "skate_avance_0017.png",
					"rotated": false,
					"trimmed": true,
					"sourceSize": {
						"w": 317,
						"h": 408
					},
					"spriteSourceSize": {
						"x": 33,
						"y": 11,
						"w": 245,
						"h": 397
					},
					"frame": {
						"x": 810,
						"y": 1222,
						"w": 245,
						"h": 397
					}
				},
				{
					"filename": "skate_avance_0029.png",
					"rotated": false,
					"trimmed": true,
					"sourceSize": {
						"w": 317,
						"h": 408
					},
					"spriteSourceSize": {
						"x": 0,
						"y": 1,
						"w": 265,
						"h": 407
					},
					"frame": {
						"x": 1057,
						"y": 1219,
						"w": 265,
						"h": 407
					}
				},
				{
					"filename": "skate_avance_009.png",
					"rotated": false,
					"trimmed": true,
					"sourceSize": {
						"w": 317,
						"h": 408
					},
					"spriteSourceSize": {
						"x": 24,
						"y": 1,
						"w": 241,
						"h": 407
					},
					"frame": {
						"x": 1324,
						"y": 1218,
						"w": 241,
						"h": 407
					}
				},
				{
					"filename": "skate_avance_007.png",
					"rotated": false,
					"trimmed": true,
					"sourceSize": {
						"w": 317,
						"h": 408
					},
					"spriteSourceSize": {
						"x": 41,
						"y": 0,
						"w": 224,
						"h": 408
					},
					"frame": {
						"x": 1567,
						"y": 1219,
						"w": 224,
						"h": 408
					}
				}
			]
		}
	],
	"meta": {
		"app": "https://www.codeandweb.com/texturepacker",
		"version": "3.0",
		"smartupdate": "$TexturePacker:SmartUpdate:3285d85badfa4d07edfee6f101a0f45e:5b9d5e5586140286a2a618db21199682:89271f3c005565daadb3c6dd985bff21$"
	}
}
